game_id,hidden_code
1,OKKBPDBACJ
2,KCOLHOPMEB
3,CAFLHEJHDJ
4,CDDCJHOKOF
5,OIHFANPNOE
6,GIPPOJIIIM
7,GGPCPHMIIK
8,LKFFNFEGHD
9,FODOOJPKIB
10,DMGBPJAAEM
11,LJDIGCJJMJ
12,EAKILEJOAB
13,BIBCDPCLJH
14,ABNGNGNLBH
15,DJCHDODBEI
16,ENOHMAPHHK
17,LHNIDLJOAH
18,BOPEJNOIEP
19,DPCNDDMJDG
20,JDMPCIEHNF
21,HJPGDMLOML
22,FDFHNFAGAO
23,OHMADHGHAH
24,GEADGFEKAP
25,FNJGBAHBOJ
26,IOHHHLIAJN
27,LBGHKMKOPG
28,KKHEGFJNLK
29,PFJLBODCMN
30,JKALPBGADC
31,DAKBDKPELK
32,MJNDMOMLKC
33,CFELJGNJLF
34,COIFCHJLME
35,MMLKPDICMA
36,LILKMMBAPN
37,HJIMOINIFA
38,CBJIICGJDC
39,KIKEPDNGME
40,DKPIGAHIHC
41,ALGNPBLMHM
42,DOMHIHKBPO
43,AKIFFIMLDG
44,EFFKOEPLPB
45,KMDEDINKMO
46,PEMENLMMMB
47,FFJHHJFKLL
48,LLICDDHEHK
49,OLPHLMIEDH
50,NKOHEEHHEG
51,HBLCLPLNCC
52,GGPFBCDIMM
53,GEMBKAIELD
54,OPAIJFIIPH
55,CBJOCEKOGK
56,JFGNHDICDC
57,NCCMNCLDIM
58,PGPGCGFFIP
59,JKMPFDDGMD
60,HODPLPCEBK
61,DNGMGBGPCM
62,OCJNFACIBA
63,IHGEJHMDCD
64,KBENIOANKD
65,GMCFJAKJMG
66,CJLDBBJHFP
67,PKBGIGIOBI
68,CPKGHMMJCK
69,AMJFBPOPJA
70,EKCCDJOPGK
71,PMFEDAGBGC
72,CFNIIOMIAF
73,JJOLHFOPHM
74,IFCNDPBBNL
75,IFCBMHOACN
76,JHKEJKOBFG
77,DAKPCFAEDD
78,LKKNPDAHJJ
79,CHNBNPKBEE
80,EHFOGOMKCJ
81,BOKAENBGLH
82,BGPLKKMIBA
83,FIEPBHKEGD
84,PCHKKCJDPP
85,LCNAEGKEHL
86,MNEADCGKOI
87,KJPKCKGIKM
88,BJOJJFAFLA
89,MEIGEHDIKD
90,CMEKIEHMBJ
91,CCGGPPCMLL
92,JLEDDIMDDA
93,MBJJFODKDD
94,KNOKCLBOKK
95,IAIKNJOMME
96,FHJMJIPJNK
97,KDDGPIAOHD
98,NJPHNPNLLG
99,GGPHOFEPHA
100,EIDAOOHNOP
